ID	baseMean	log2FoldChange	lfcSE	stat	pvalue	padj	gene_name
ENSG00000078237	470.55951976029	0.594980832495286	0.124118228938459	4.79366195911717	1.63764133254636e-06	0.0192144458318754	TIGAR
ENSG00000106211	5554.9098023253	0.716885219816223	0.164443079004651	4.3594733457645	1.30375831861011e-05	0.0460304911968486	HSPB1
ENSG00000170891	21.498438261477	2.11977400074522	0.461448843410967	4.59373564591936	4.35380860632764e-06	0.0192144458318754	CYTL1
ENSG00000185633	2357.80299253072	-1.6990127725314	0.366912274638452	-4.63056945752378	3.64661428498412e-06	0.0192144458318754	NDUFA4L2
ENSG00000204764	36.6061663205055	1.69690922305938	0.368072724449952	4.61025528472732	4.02174803116287e-06	0.0192144458318754	RANBP17
